script_name,source
cancer_patient_id_abstraction,other
cancer_patient_id_abstraction_detail,other
cancer_patient_id_input_driver,metriq
cancer_patient_id_output_driver,metriq
cn_cdm_encounter,other
cn_patient,navadhoc
cn_patient_address,navadhoc
cn_patient_biopsy,navadhoc
cn_patient_brca_screening_assessment,navadhoc
cn_patient_clinical_trial,navadhoc
cn_patient_complication,navadhoc
cn_patient_consultation,navadhoc
cn_patient_contact,navadhoc
cn_patient_contact_detail,navadhoc
cn_patient_core_adherence,navadhoc
cn_patient_diagnosis,navadhoc
cn_patient_family_history,navadhoc
cn_patient_genetics_testing,navadhoc
cn_patient_heme,navadhoc
cn_patient_heme_clinical_trial,navadhoc
cn_patient_heme_diagnosis,navadhoc
cn_patient_heme_disease_assess,navadhoc
cn_patient_heme_functional_assess,navadhoc
cn_patient_heme_risk_factor,navadhoc
cn_patient_heme_transplant,navadhoc
cn_patient_imaging,navadhoc
cn_patient_lab_result,navadhoc
cn_patient_medical_oncology,navadhoc
cn_patient_mltp_disp_meeting,navadhoc
cn_patient_outcome_timeliness_core,metriq
cn_patient_outcome_timeliness_stg,metriq
cn_patient_pathology_result,navadhoc
cn_patient_phone_num,navadhoc
cn_patient_procedure,navadhoc
cn_patient_procedure_pathology_result,navadhoc
cn_patient_radiation_oncology,navadhoc
cn_patient_staging,navadhoc
cn_patient_surgery,navadhoc
cn_patient_surgery_recon,navadhoc
cn_patient_surv_plan_task,navadhoc
cn_patient_test_result,navadhoc
cn_patient_timeline,navadhoc
cn_patient_tumor,navadhoc
cn_person,navadhoc
cn_physician_detail_core,navadhoc
cn_physician_detail_wrk,navadhoc
cn_physician_role,navadhoc
cn_reg_cancer_patient_detail,metriq
cn_reg_cancer_patient_driver,metriq
cn_reg_cancer_patient_tumor_driver,metriq
cn_reg_cancer_patient_tumor_staging,metriq
cn_reg_cancer_tumor_driver,metriq
cr_patient_address_core,metriq
cr_patient_address_wrk,metriq
cr_patient_contact_core,metriq
cr_patient_contact_wrk,metriq
cr_patient_core,metriq
cr_patient_date_driver,metriq
cr_patient_diagnosis_detail,metriq
cr_patient_history,metriq
cr_patient_insurance,metriq
cr_patient_medical_oncology_core,metriq
cr_patient_medical_oncology_wrk,metriq
cr_patient_phone_num,metriq
cr_patient_radiation_oncology_core,metriq
cr_patient_radiation_oncology_wrk,metriq
cr_patient_staging,metriq
cr_patient_treatment_core,metriq
cr_patient_treatment_wrk,metriq
cr_patient_tumor,metriq
cr_patient_tumor_pathology_result,metriq
cr_patient_wrk,metriq
cr_rad_onc_patient_course,varianedw
cr_rad_onc_patient_plan,varianedw
cr_system_productivity_log_core,metriq
cr_system_productivity_log_wrk,metriq
fact_cancer_patient_financial,varianedw
fact_rad_onc_activity_billing,varianedw
fact_rad_onc_course_diagnosis,varianedw
fact_rad_onc_patient,varianedw
fact_rad_onc_patient_diagnosis,varianedw
fact_rad_onc_patient_toxicity,varianedw
fact_rad_onc_treatment_history,varianedw
j_cn_patient_heme_disease_assess_detail,navadhoc
j_cn_patient_heme_treatment_regimen,navadhoc
j_cn_patient_id_input,metriq
j_cn_patient_id_output,metriq
j_cn_patient_id_score,metriq
j_cn_patient_id_stg_del,metriq
j_cn_ref_icd_oncology,metriq
j_cn_ref_icd_oncology_diag_cd,metriq
j_cr_ref_pathway_var_reason,navadhoc
j_cr_ref_regimen,navadhoc
j_cr_ref_treatment_phase,navadhoc
j_cr_system_user,metriq
j_ref_rad_onc_treatment_type,varianedw
j_ref_referring_physician,navadhoc
j_ref_tumor_type,navadhoc
mt_ref_ajcc_stage,metriq
mt_ref_hospital,metriq
mt_ref_lookup_code,metriq
mt_ref_national_svc_center,metriq
mt_ref_treatment_type_group,metriq
navque_history,navadhoc
navque_patient_tumor_driver,metriq
rad_onc_activity_transaction,varianedw
rad_onc_junc_patient_contact_phone,varianedw
rad_onc_junc_patient_phone,varianedw
rad_onc_junc_physician_address,varianedw
rad_onc_junc_physician_phone,varianedw
rad_onc_patient_contact,varianedw
rad_onc_patient_history,varianedw
rad_onc_patient_physician,varianedw
rad_onc_phone,varianedw
rad_onc_physician,varianedw
rad_onc_procedure_code,varianedw
ref_abstraction_measure,other
ref_breast_cancer_type,navadhoc
ref_contact_method,navadhoc
ref_contact_person,navadhoc
ref_contact_purpose,navadhoc
ref_cr_treatment_type,metriq
ref_diagnosis_detail,navadhoc
ref_disease_assess_source,navadhoc
ref_facility,navadhoc
ref_housing_type,navadhoc
ref_imaging_mode,navadhoc
ref_lung_lobe_location,navadhoc
ref_physician_specialty,navadhoc
ref_procedure_type,navadhoc
ref_rad_onc_activity,varianedw
ref_rad_onc_activity_priority,varianedw
ref_rad_onc_address,varianedw
ref_rad_onc_diagnosis_code,varianedw
ref_rad_onc_hospital,varianedw
ref_rad_onc_location,varianedw
ref_rad_onc_lookup,varianedw
ref_rad_onc_patient,varianedw
ref_rad_onc_plan_purpose,varianedw
ref_rad_onc_site,varianedw
ref_rad_onc_toxicity_assessment_type,varianedw
ref_rad_onc_toxicity_component,varianedw
ref_result,navadhoc
ref_sample_type,navadhoc
ref_side,navadhoc
ref_site_location,navadhoc
ref_status,navadhoc
ref_test_type,navadhoc
ref_therapy_type,navadhoc
ref_transplant_type,navadhoc
